1,Starz
2,Netflix
3,Hulu
4,Netflix
5,MTV
6,HBO
7,N/a
8,N/a
9,Netflix
10,N/a
11,Comedy Central
12,Fox
13,N/a
14,N/a
15,N/a
16,CW
17,Netflix
18,Channel 4
19,N/a
20,N/a
21,N/a
22,N/a
23,N/a
24,N/a
25,HBO
26,the WB
27,N/a
28,N/a
29,N/a
30,ABC
31,N/a
32,NBC
33,N/a
34,Netflix
35,N/a
36,ABC
37,N/a
38,CW
39,TNT
40,Amazon
41,N/a
42,Fox-->Hulu
43,USA
44,N/a
45,USA
46,N/a
47,N/a
48,BBC One
49,Hulu
50,N/a
51,ABC
52,Hulu
53,N/a
54,N/a
55,N/a
56,Netflix
57,N/a
58,N/a
59,N/a
60,N/a
61,N/a
62,Netflix
63,N/a
64,Netflix
65,N/a
66,N/a
67,N/a
68,N/a
69,N/a
70,N/a